Driver-1,120,166,560,675
Driver-2,808,767,381,269
Driver-3,555,471,987,690
Driver-4,184,834,720,511
Driver-5,981,706,236,175
Driver-6,245,911,59,571
Driver-7,805,509,907,405
Driver-8,575,758,344,442
Driver-9,999,627,453,671
Driver-10,196,197,457,107
Driver-11,704,452,911,13
Driver-12,360,151,370,178
Driver-13,605,223,89,621
Driver-14,88,110,341,43
Driver-15,465,139,463,823
Driver-16,922,795,942,112
Driver-17,661,737,298,217
Driver-18,200,925,298,138
Driver-19,515,679,642,415
Driver-20,797,917,917,168
Driver-21,633,842,198,623
Driver-22,276,299,66,414
Driver-23,726,273,777,935
Driver-24,849,379,242,38
Driver-25,995,172,65,543
Driver-26,572,898,78,994
Driver-27,273,221,213,555
Driver-28,549,18,148,776
Driver-29,79,347,100,644
Driver-30,359,769,866,116
Driver-31,691,208,955,697
Driver-32,665,464,322,553
Driver-33,53,952,242,103
Driver-34,701,338,32,783
Driver-35,132,356,347,250
Driver-36,337,321,984,771
Driver-37,293,578,493,207
Driver-38,468,755,191,710
Driver-39,742,588,821,73
Driver-40,775,24,510,941
Driver-41,754,185,956,799
Driver-42,92,505,469,725
Driver-43,887,45,273,941
Driver-44,191,609,403,222
Driver-45,680,438,970,624
Driver-46,17,732,876,36
Driver-47,127,719,878,194
Driver-48,245,955,78,410
Driver-49,681,566,168,960
Driver-50,889,330,663,435
Driver-51,862,935,938,688
Driver-52,710,753,962,809
Driver-53,628,78,599,329
Driver-54,260,125,403,47
Driver-55,372,518,978,14
Driver-56,408,540,295,600
Driver-57,363,945,700,108
Driver-58,631,409,66,440
Driver-59,906,635,372,54
Driver-60,150,307,370,539
Driver-61,880,602,977,460
Driver-62,14,91,442,219
Driver-63,654,151,38,131
Driver-64,848,666,640,621
Driver-65,10,203,252,277
Driver-66,198,666,634,721
Driver-67,987,735,953,617
Driver-68,279,321,441,498
Driver-69,934,67,99,122
Driver-70,692,617,273,307
Driver-71,521,92,792,184
Driver-72,793,229,226,619
Driver-73,758,361,327,380
Driver-74,716,781,116,594
Driver-75,392,848,374,762
Driver-76,362,633,24,419
Driver-77,542,842,101,729
Driver-78,461,813,616,210
Driver-79,733,563,687,853
Driver-80,233,947,149,282
Driver-81,999,54,223,238
Driver-82,389,81,80,102
Driver-83,34,212,663,903
Driver-84,966,806,946,810
Driver-85,892,358,210,351
Driver-86,697,981,855,503
Driver-87,164,544,214,706
Driver-88,570,841,377,123
Driver-89,28,861,735,938
Driver-90,100,566,882,804
Driver-91,453,465,295,666
Driver-92,676,937,555,831
Driver-93,961,501,127,21
Driver-94,414,354,430,889
Driver-95,916,494,332,329
Driver-96,805,579,20,360
Driver-97,228,232,407,429
Driver-98,641,412,55,470
Driver-99,831,327,90,10
Driver-100,327,976,586,611
Driver-101,1000,267,735,72
Driver-102,313,271,425,789
Driver-103,740,690,897,573
Driver-104,743,196,426,490
Driver-105,431,205,391,82
Driver-106,767,750,657,869
Driver-107,87,978,951,642
Driver-108,118,44,719,455
Driver-109,776,347,478,4
Driver-110,664,798,762,15
Driver-111,755,301,795,441
Driver-112,324,947,759,272
Driver-113,46,296,106,72
Driver-114,531,927,818,905
Driver-115,932,144,328,752
Driver-116,440,740,53,735
Driver-117,44,470,970,77
Driver-118,504,449,61,689
Driver-119,820,721,954,700
Driver-120,503,452,794,28
Driver-121,848,186,774,807
Driver-122,737,510,550,325
Driver-123,706,91,126,565
Driver-124,876,853,112,86
Driver-125,784,102,231,879
Driver-126,703,410,827,224
Driver-127,771,17,209,5
Driver-128,203,679,7,476
Driver-129,649,566,664,815
Driver-130,36,910,405,169
Driver-131,152,90,284,387
Driver-132,15,876,650,706
Driver-133,249,355,427,756
Driver-134,407,926,273,998
Driver-135,483,275,638,62
Driver-136,958,745,863,405
Driver-137,191,376,100,862
Driver-138,947,529,708,467
Driver-139,959,828,133,212
Driver-140,355,156,900,777
Driver-141,117,343,819,401
Driver-142,474,574,504,798
Driver-143,959,610,897,933
Driver-144,978,187,934,464
Driver-145,771,494,927,725
Driver-146,955,227,502,220
Driver-147,971,74,312,543
Driver-148,53,266,913,122
Driver-149,68,824,39,682
Driver-150,347,461,272,586
Driver-151,522,29,836,369
Driver-152,525,334,836,392
Driver-153,398,751,410,996
Driver-154,93,773,382,716
Driver-155,690,977,883,290
Driver-156,43,77,364,856
Driver-157,185,289,71,570
Driver-158,902,244,52,256
Driver-159,583,219,682,674
Driver-160,742,791,42,69
Driver-161,684,312,576,412
Driver-162,968,326,230,487
Driver-163,644,788,714,228
Driver-164,175,601,82,408
Driver-165,469,815,608,622
Driver-166,509,795,337,473
Driver-167,741,564,807,989
Driver-168,719,816,460,0
Driver-169,853,610,967,551
Driver-170,249,278,538,710
Driver-171,785,4,255,967
Driver-172,851,88,518,308
Driver-173,155,304,209,981
Driver-174,980,290,271,634
Driver-175,807,401,13,161
Driver-176,438,216,294,285
Driver-177,246,628,402,779
Driver-178,16,573,886,453
Driver-179,644,85,974,358
Driver-180,565,77,987,147
Driver-181,902,759,629,666
Driver-182,292,861,235,306
Driver-183,306,417,361,126
Driver-184,626,349,462,130
Driver-185,460,638,460,660
Driver-186,109,373,61,249
Driver-187,258,885,105,801
Driver-188,954,949,968,68
Driver-189,208,94,655,856
Driver-190,564,863,893,929
Driver-191,425,405,656,55
Driver-192,452,533,324,797
Driver-193,279,659,520,291
Driver-194,447,203,198,980
Driver-195,788,363,66,95
Driver-196,805,372,285,552
Driver-197,921,102,354,767
Driver-198,54,900,974,808
Driver-199,284,609,525,662
Driver-200,578,418,680,711
Driver-201,798,819,21,901
Driver-202,205,107,490,134
Driver-203,649,407,676,167
Driver-204,724,836,1,277
Driver-205,677,453,530,502
Driver-206,734,358,653,162
Driver-207,807,586,205,83
Driver-208,896,829,947,1000
Driver-209,976,320,301,67
Driver-210,799,16,577,290
Driver-211,446,148,113,812
Driver-212,785,186,398,739
Driver-213,940,64,902,406
Driver-214,979,223,34,424
Driver-215,815,298,837,556
Driver-216,590,267,445,501
Driver-217,157,182,600,286
Driver-218,676,981,457,53
Driver-219,171,279,350,207
Driver-220,72,104,374,527
Driver-221,404,2,200,271
Driver-222,78,340,409,317
Driver-223,460,446,12,115
Driver-224,771,710,368,833
Driver-225,452,534,562,104
Driver-226,825,613,666,642
Driver-227,811,857,656,348
Driver-228,500,86,542,688
Driver-229,430,616,998,802
Driver-230,749,749,323,362
Driver-231,520,671,535,310
Driver-232,351,443,399,821
Driver-233,233,761,787,626
Driver-234,564,2,541,467
Driver-235,297,463,827,881
Driver-236,312,789,729,799
Driver-237,494,796,783,509
Driver-238,291,517,665,751
Driver-239,441,606,669,617
Driver-240,589,418,390,389
Driver-241,408,474,296,371
Driver-242,560,186,250,189
Driver-243,483,474,347,466
Driver-244,845,272,581,246
Driver-245,259,835,115,18
Driver-246,159,858,380,340
Driver-247,799,823,741,264
Driver-248,805,627,138,941
Driver-249,1,909,429,831
Driver-250,359,242,565,452
Driver-251,532,408,619,387
Driver-252,285,107,94,288
Driver-253,834,351,826,985
Driver-254,904,770,11,204
Driver-255,357,873,144,101
Driver-256,34,27,258,653
Driver-257,727,337,130,170
Driver-258,679,239,622,805
Driver-259,767,296,343,249
Driver-260,708,346,406,517
Driver-261,711,637,902,248
Driver-262,16,177,206,367
Driver-263,489,805,583,433
Driver-264,328,211,538,870
Driver-265,178,283,475,259
Driver-266,68,819,623,840
Driver-267,621,623,749,483
Driver-268,471,597,95,519
Driver-269,277,71,25,237
Driver-270,621,97,198,497
Driver-271,975,29,702,958
Driver-272,148,825,704,650
Driver-273,853,957,313,154
Driver-274,607,902,193,964
Driver-275,13,778,473,672
Driver-276,194,177,75,621
Driver-277,364,122,338,837
Driver-278,377,816,727,337
Driver-279,34,578,405,688
Driver-280,311,868,753,62
Driver-281,812,841,485,643
Driver-282,680,255,176,919
Driver-283,635,554,88,53
Driver-284,830,652,654,842
Driver-285,838,23,200,503
Driver-286,597,269,797,128
Driver-287,525,935,294,226
Driver-288,667,812,135,126
Driver-289,683,389,809,67
Driver-290,125,136,846,723
Driver-291,80,192,557,590
Driver-292,910,300,910,92
Driver-293,348,232,796,843
Driver-294,561,794,645,450
Driver-295,99,564,922,550
Driver-296,432,83,975,871
Driver-297,196,752,429,88
Driver-298,586,290,286,119
Driver-299,619,74,926,367
Driver-300,788,548,768,652
Driver-301,358,584,80,167
Driver-302,579,580,506,736
Driver-303,858,850,474,568
Driver-304,302,302,853,205
Driver-305,761,988,477,447
Driver-306,123,509,26,173
Driver-307,908,592,423,369
Driver-308,395,856,483,784
Driver-309,557,998,900,616
Driver-310,188,347,89,390
Driver-311,380,517,203,681
Driver-312,614,320,816,905
Driver-313,673,451,534,933
Driver-314,861,644,251,664
Driver-315,793,728,968,608
Driver-316,982,555,746,94
Driver-317,917,369,406,972
Driver-318,313,6,486,56
Driver-319,970,165,313,154
Driver-320,458,865,491,250
Driver-321,987,751,266,368
Driver-322,597,197,650,381
Driver-323,317,144,93,817
Driver-324,907,491,348,205
Driver-325,221,828,107,874
Driver-326,867,990,569,926
Driver-327,488,365,578,766
Driver-328,424,911,77,838
Driver-329,999,349,493,679
Driver-330,73,731,90,965
Driver-331,233,350,79,45
Driver-332,751,481,864,541
Driver-333,748,534,585,987
Driver-334,154,379,465,593
Driver-335,889,425,451,456
Driver-336,742,695,219,292
Driver-337,802,546,69,833
Driver-338,913,442,40,272
Driver-339,904,3,509,290
Driver-340,434,245,695,141
Driver-341,82,651,847,487
Driver-342,818,42,781,227
Driver-343,619,519,871,93
Driver-344,483,18,994,948
Driver-345,603,843,759,762
Driver-346,650,781,271,745
Driver-347,47,920,208,68
Driver-348,466,269,86,652
Driver-349,246,139,164,679
Driver-350,713,350,121,97
Driver-351,539,783,550,459
Driver-352,974,258,826,951
Driver-353,889,624,141,906
Driver-354,567,495,298,598
Driver-355,327,706,67,882
Driver-356,247,575,861,365
Driver-357,107,304,289,645
Driver-358,814,420,587,778
Driver-359,145,432,275,275
Driver-360,168,385,399,664
Driver-361,648,498,691,403
Driver-362,988,149,138,704
Driver-363,629,87,14,57
Driver-364,275,67,379,133
Driver-365,957,226,848,613
Driver-366,16,214,501,596
Driver-367,679,560,234,906
Driver-368,581,840,863,143
Driver-369,811,1,804,528
Driver-370,438,920,586,632
Driver-371,28,12,51,766
Driver-372,612,59,757,0
Driver-373,614,278,723,568
Driver-374,291,231,40,21
Driver-375,134,653,579,50
Driver-376,282,591,820,747
Driver-377,701,637,203,294
Driver-378,639,259,427,531
Driver-379,136,370,500,457
Driver-380,159,48,433,235
Driver-381,652,469,51,464
Driver-382,39,588,38,6
Driver-383,758,933,48,521
Driver-384,33,602,251,794
Driver-385,179,19,155,746
Driver-386,657,387,934,656
Driver-387,457,182,931,686
Driver-388,720,507,990,309
Driver-389,590,1000,266,895
Driver-390,477,91,72,491
Driver-391,713,37,925,223
Driver-392,155,887,321,926
Driver-393,814,649,104,733
Driver-394,348,790,786,395
Driver-395,776,11,449,101
Driver-396,737,339,300,362
Driver-397,910,340,109,979
Driver-398,405,568,694,901
Driver-399,157,509,528,539
Driver-400,487,108,16,873
Driver-401,297,64,832,557
Driver-402,453,829,578,571
Driver-403,899,195,16,879
Driver-404,667,227,978,925
Driver-405,197,776,812,541
Driver-406,909,323,90,548
Driver-407,903,794,583,284
Driver-408,404,934,361,469
Driver-409,370,938,733,183
Driver-410,789,428,434,353
Driver-411,768,336,857,921
Driver-412,337,427,103,179
Driver-413,191,425,408,799
Driver-414,828,689,628,743
Driver-415,824,344,227,430
Driver-416,466,484,794,856
Driver-417,898,574,571,703
Driver-418,328,25,619,744
Driver-419,513,12,900,189
Driver-420,133,490,596,706
Driver-421,934,593,581,522
Driver-422,579,224,168,486
Driver-423,941,221,232,170
Driver-424,834,480,603,153
Driver-425,874,199,404,644
Driver-426,553,201,103,118
Driver-427,449,40,69,549
Driver-428,991,526,966,117
Driver-429,607,832,756,349
Driver-430,106,945,134,497
Driver-431,360,226,420,892
Driver-432,762,955,116,378
Driver-433,610,608,936,860
Driver-434,110,333,142,29
Driver-435,771,538,820,349
Driver-436,880,54,859,697
Driver-437,499,655,451,377
Driver-438,253,192,324,576
Driver-439,365,247,614,572
Driver-440,791,835,97,509
Driver-441,339,573,676,386
Driver-442,40,478,571,45
Driver-443,717,340,550,469
Driver-444,670,30,647,593
Driver-445,476,710,445,436
Driver-446,504,744,551,767
Driver-447,242,235,557,83
Driver-448,62,519,49,286
Driver-449,240,557,65,924
Driver-450,76,356,991,852
Driver-451,354,599,78,150
Driver-452,21,480,563,18
Driver-453,249,786,287,476
Driver-454,479,900,85,938
Driver-455,801,89,810,730
Driver-456,547,977,488,212
Driver-457,945,432,635,365
Driver-458,114,555,800,798
Driver-459,719,761,339,143
Driver-460,118,16,872,763
Driver-461,349,258,274,476
Driver-462,841,473,27,812
Driver-463,67,362,850,420
Driver-464,958,463,364,844
Driver-465,915,82,920,184
Driver-466,324,600,17,104
Driver-467,61,810,223,704
Driver-468,675,866,532,876
Driver-469,972,825,903,81
Driver-470,112,428,33,151
Driver-471,390,762,263,503
Driver-472,30,669,715,142
Driver-473,0,274,64,850
Driver-474,704,520,364,38
Driver-475,632,376,273,197
Driver-476,948,451,870,487
Driver-477,483,227,971,632
Driver-478,524,385,896,633
Driver-479,651,338,645,903
Driver-480,874,167,521,291
Driver-481,772,608,808,416
Driver-482,729,344,814,619
Driver-483,152,897,88,618
Driver-484,202,76,926,537
Driver-485,729,547,464,314
Driver-486,232,12,727,656
Driver-487,131,939,940,76
Driver-488,362,714,643,68
Driver-489,46,324,48,370
Driver-490,347,502,277,361
Driver-491,296,660,587,998
Driver-492,539,407,891,784
Driver-493,552,712,643,105
Driver-494,455,740,540,416
Driver-495,702,68,645,171
Driver-496,539,55,732,182
Driver-497,542,415,208,91
Driver-498,758,307,241,101
Driver-499,945,716,198,484
Driver-500,764,380,299,794
Driver-501,93,129,519,46
Driver-502,367,629,827,236
Driver-503,906,192,331,32
Driver-504,774,537,494,978
Driver-505,903,754,740,868
Driver-506,421,967,509,307
Driver-507,47,81,623,820
Driver-508,90,904,948,669
Driver-509,229,577,919,32
Driver-510,675,948,253,826
Driver-511,61,106,614,4
Driver-512,987,832,276,794
Driver-513,338,44,241,808
Driver-514,926,26,996,632
Driver-515,224,870,154,668
Driver-516,509,435,541,788
Driver-517,488,577,865,901
Driver-518,75,254,992,328
Driver-519,866,376,87,37
Driver-520,644,789,34,791
Driver-521,704,29,773,362
Driver-522,354,113,850,270
Driver-523,628,246,747,531
Driver-524,85,776,270,114
Driver-525,832,327,949,150
Driver-526,344,943,167,47
Driver-527,560,456,204,941
Driver-528,317,223,902,929
Driver-529,506,270,338,634
Driver-530,825,66,475,783
Driver-531,453,934,429,596
Driver-532,815,507,993,504
Driver-533,755,967,573,441
Driver-534,228,85,241,430
Driver-535,41,718,297,876
Driver-536,726,38,673,799
Driver-537,634,332,398,291
Driver-538,179,650,909,418
Driver-539,949,550,701,766
Driver-540,998,925,936,175
Driver-541,621,125,483,995
Driver-542,346,861,794,659
Driver-543,374,41,960,663
Driver-544,215,614,418,774
Driver-545,551,962,870,701
Driver-546,791,878,58,138
Driver-547,805,980,511,258
Driver-548,601,151,342,171
Driver-549,782,969,338,716
Driver-550,167,627,526,606
Driver-551,576,306,846,946
Driver-552,913,646,514,211
Driver-553,172,816,363,757
Driver-554,916,581,247,798
Driver-555,465,976,145,615
Driver-556,969,995,421,770
Driver-557,905,701,423,928
Driver-558,180,428,366,580
Driver-559,288,568,340,900
Driver-560,284,902,509,714
Driver-561,199,156,404,531
Driver-562,717,833,912,974
Driver-563,844,239,796,313
Driver-564,744,52,914,583
Driver-565,410,37,203,563
Driver-566,16,893,312,577
Driver-567,734,351,764,597
Driver-568,465,661,185,72
Driver-569,758,882,452,254
Driver-570,163,26,863,256
Driver-571,825,745,909,486
Driver-572,0,700,677,382
Driver-573,976,616,435,484
Driver-574,479,132,816,26
Driver-575,159,688,847,169
Driver-576,506,4,889,142
Driver-577,615,497,753,617
Driver-578,995,970,722,552
Driver-579,104,416,817,922
Driver-580,751,48,522,162
Driver-581,445,978,61,151
Driver-582,515,970,842,176
Driver-583,956,483,22,476
Driver-584,361,397,456,412
Driver-585,318,0,134,712
Driver-586,258,355,657,818
Driver-587,817,971,827,24
Driver-588,761,131,82,292
Driver-589,943,631,274,799
Driver-590,766,739,980,748
Driver-591,986,176,101,954
Driver-592,713,714,33,223
Driver-593,954,893,435,742
Driver-594,36,971,970,967
Driver-595,160,816,555,848
Driver-596,52,23,362,122
Driver-597,805,919,489,449
Driver-598,525,344,348,497
Driver-599,171,380,183,80
Driver-600,200,884,735,64
Driver-601,854,988,175,755
Driver-602,320,646,48,329
Driver-603,673,786,554,179
Driver-604,606,566,760,4
Driver-605,148,394,347,397
Driver-606,181,397,732,436
Driver-607,116,76,449,579
Driver-608,560,843,753,866
Driver-609,375,432,267,546
Driver-610,188,930,857,991
Driver-611,739,342,968,666
Driver-612,736,406,689,664
Driver-613,465,654,355,675
Driver-614,538,992,489,812
Driver-615,341,520,944,225
Driver-616,729,945,315,499
Driver-617,572,968,783,606
Driver-618,929,150,963,185
Driver-619,152,990,908,914
Driver-620,136,106,66,108
Driver-621,111,290,480,131
Driver-622,200,561,187,574
Driver-623,55,968,583,141
Driver-624,836,151,515,635
Driver-625,598,369,963,220
Driver-626,455,189,446,734
Driver-627,327,539,628,918
Driver-628,516,462,554,700
Driver-629,218,308,158,510
Driver-630,867,948,887,528
Driver-631,148,530,712,674
Driver-632,724,782,974,444
Driver-633,302,953,265,584
Driver-634,328,531,871,214
Driver-635,603,145,993,213
Driver-636,56,37,682,642
Driver-637,290,519,736,597
Driver-638,983,720,562,415
Driver-639,756,496,746,259
Driver-640,905,259,673,691
Driver-641,243,817,573,593
Driver-642,414,941,783,233
Driver-643,450,855,784,494
Driver-644,752,88,729,942
Driver-645,410,570,376,229
Driver-646,966,995,275,6
Driver-647,481,392,374,501
Driver-648,150,547,184,665
Driver-649,66,124,200,374
Driver-650,171,798,688,131
Driver-651,500,811,128,649
Driver-652,180,752,728,75
Driver-653,405,589,625,161
Driver-654,305,85,948,142
Driver-655,642,531,816,725
Driver-656,120,659,340,291
Driver-657,482,1000,215,449
Driver-658,893,402,543,851
Driver-659,873,585,791,319
Driver-660,712,144,599,485
Driver-661,421,609,542,467
Driver-662,673,792,420,358
Driver-663,704,981,217,314
Driver-664,940,333,313,684
Driver-665,792,44,907,1
Driver-666,3,47,145,592
Driver-667,394,809,757,13
Driver-668,806,162,379,347
Driver-669,53,728,779,331
Driver-670,127,511,5,922
Driver-671,364,751,321,643
Driver-672,812,514,269,801
Driver-673,534,559,113,315
Driver-674,554,581,572,551
Driver-675,590,833,94,616
Driver-676,856,797,40,669
Driver-677,859,327,454,583
Driver-678,775,418,947,994
Driver-679,313,518,510,274
Driver-680,23,502,365,3
Driver-681,735,481,326,88
Driver-682,12,560,204,339
Driver-683,647,581,487,883
Driver-684,536,484,188,317
Driver-685,531,637,281,304
Driver-686,321,184,284,20
Driver-687,858,14,758,421
Driver-688,158,725,881,901
Driver-689,183,331,769,598
Driver-690,900,116,899,350
Driver-691,461,462,133,259
Driver-692,130,436,513,777
Driver-693,454,449,371,371
Driver-694,749,250,287,32
Driver-695,882,552,562,928
Driver-696,608,44,325,1000
Driver-697,887,510,746,328
Driver-698,209,286,227,583
Driver-699,575,632,340,213
Driver-700,280,746,832,242
Driver-701,657,417,173,85
Driver-702,720,105,990,821
Driver-703,197,96,618,656
Driver-704,855,607,299,372
Driver-705,531,78,648,798
Driver-706,531,277,478,27
Driver-707,725,140,370,377
Driver-708,37,424,221,710
Driver-709,833,906,754,485
Driver-710,756,882,462,808
Driver-711,514,572,673,390
Driver-712,956,478,727,202
Driver-713,200,388,119,427
Driver-714,128,963,388,618
Driver-715,804,513,190,66
Driver-716,215,932,661,830
Driver-717,288,299,266,406
Driver-718,49,512,627,622
Driver-719,992,897,630,224
Driver-720,288,461,400,517
Driver-721,696,762,8,914
Driver-722,730,440,855,957
Driver-723,525,475,21,227
Driver-724,717,109,825,320
Driver-725,455,596,326,937
Driver-726,118,706,65,459
Driver-727,829,651,805,611
Driver-728,363,411,570,122
Driver-729,225,589,203,4
Driver-730,803,727,156,211
Driver-731,418,239,991,316
Driver-732,267,849,651,356
Driver-733,163,45,169,589
Driver-734,309,540,426,798
Driver-735,498,858,879,325
Driver-736,430,601,817,740
Driver-737,693,311,205,641
Driver-738,706,359,465,663
Driver-739,425,546,240,468
Driver-740,927,371,401,332
Driver-741,38,695,210,225
Driver-742,895,352,360,560
Driver-743,848,801,397,383
Driver-744,552,279,562,411
Driver-745,346,240,81,87
Driver-746,479,282,273,770
Driver-747,148,923,121,457
Driver-748,810,417,436,686
Driver-749,863,579,589,64
Driver-750,493,708,75,332
Driver-751,507,208,145,943
Driver-752,97,108,771,502
Driver-753,989,468,966,89
Driver-754,547,780,922,727
Driver-755,287,785,609,697
Driver-756,919,393,100,134
Driver-757,401,707,783,376
Driver-758,428,15,568,819
Driver-759,400,79,131,379
Driver-760,440,540,533,83
Driver-761,360,487,491,506
Driver-762,107,758,824,170
Driver-763,57,52,106,834
Driver-764,919,536,461,803
Driver-765,132,954,449,938
Driver-766,397,682,311,57
Driver-767,106,544,297,610
Driver-768,685,902,662,756
Driver-769,138,458,56,305
Driver-770,436,955,988,546
Driver-771,195,141,581,267
Driver-772,527,758,189,627
Driver-773,769,343,618,385
Driver-774,267,266,521,984
Driver-775,993,900,152,971
Driver-776,177,913,467,599
Driver-777,713,118,652,295
Driver-778,801,768,993,289
Driver-779,991,29,17,694
Driver-780,897,524,716,547
Driver-781,754,247,350,184
Driver-782,126,200,47,299
Driver-783,424,321,293,613
Driver-784,785,813,899,0
Driver-785,810,471,400,219
Driver-786,479,37,857,706
Driver-787,777,738,143,446
Driver-788,880,601,952,957
Driver-789,175,475,466,856
Driver-790,106,39,912,855
Driver-791,108,288,364,441
Driver-792,820,477,168,579
Driver-793,290,829,504,572
Driver-794,646,440,395,532
Driver-795,683,478,803,672
Driver-796,941,573,11,185
Driver-797,321,746,168,982
Driver-798,637,429,101,720
Driver-799,136,199,901,664
Driver-800,278,991,720,104
Driver-801,874,576,585,972
Driver-802,991,430,786,746
Driver-803,457,98,113,143
Driver-804,702,603,306,676
Driver-805,621,922,536,200
Driver-806,497,651,787,204
Driver-807,574,499,835,803
Driver-808,961,37,596,459
Driver-809,470,701,941,193
Driver-810,728,905,243,988
Driver-811,604,895,820,13
Driver-812,52,382,143,37
Driver-813,949,426,34,641
Driver-814,368,126,685,762
Driver-815,514,888,174,152
Driver-816,478,474,360,547
Driver-817,367,604,534,359
Driver-818,608,891,741,49
Driver-819,133,965,529,214
Driver-820,817,38,558,667
Driver-821,585,90,97,179
Driver-822,641,952,744,66
Driver-823,134,617,317,925
Driver-824,501,774,994,141
Driver-825,289,30,962,248
Driver-826,829,545,795,854
Driver-827,431,465,577,253
Driver-828,996,537,760,995
Driver-829,560,108,94,98
Driver-830,72,37,527,201
Driver-831,670,409,819,126
Driver-832,136,555,590,914
Driver-833,103,840,120,527
Driver-834,907,857,422,637
Driver-835,864,982,547,415
Driver-836,888,780,246,60
Driver-837,471,879,461,275
Driver-838,837,743,283,509
Driver-839,867,323,22,635
Driver-840,899,87,892,845
Driver-841,708,910,529,955
Driver-842,749,502,73,240
Driver-843,303,228,35,350
Driver-844,607,264,249,103
Driver-845,964,704,42,389
Driver-846,685,315,377,287
Driver-847,63,819,846,956
Driver-848,757,762,738,162
Driver-849,976,916,112,825
Driver-850,218,480,643,225
Driver-851,111,783,698,416
Driver-852,547,247,310,649
Driver-853,742,29,840,174
Driver-854,448,786,838,104
Driver-855,540,950,13,853
Driver-856,201,932,134,532
Driver-857,826,115,286,467
Driver-858,473,937,221,6
Driver-859,973,872,987,8
Driver-860,182,357,357,65
Driver-861,461,424,328,754
Driver-862,557,738,962,706
Driver-863,658,525,744,67
Driver-864,50,729,569,677
Driver-865,993,624,918,916
Driver-866,689,188,333,836
Driver-867,890,671,909,376
Driver-868,349,92,830,687
Driver-869,949,391,728,497
Driver-870,230,77,624,60
Driver-871,325,728,795,962
Driver-872,645,430,269,764
Driver-873,334,620,183,880
Driver-874,608,309,952,804
Driver-875,94,702,55,200
Driver-876,111,276,249,935
Driver-877,703,708,665,591
Driver-878,394,767,433,432
Driver-879,786,758,631,355
Driver-880,833,234,67,242
Driver-881,697,361,123,852
Driver-882,375,183,636,760
Driver-883,308,875,972,90
Driver-884,111,779,218,950
Driver-885,539,331,737,629
Driver-886,370,125,166,105
Driver-887,238,178,637,748
Driver-888,498,426,710,89
Driver-889,58,713,376,949
Driver-890,766,889,621,268
Driver-891,500,538,972,575
Driver-892,371,510,750,357
Driver-893,255,407,144,841
Driver-894,32,571,262,739
Driver-895,95,85,499,727
Driver-896,250,49,397,541
Driver-897,520,113,899,751
Driver-898,119,520,679,332
Driver-899,404,758,948,108
Driver-900,412,953,936,821
Driver-901,872,692,288,242
Driver-902,510,760,320,207
Driver-903,1000,189,965,172
Driver-904,709,900,575,467
Driver-905,137,759,392,684
Driver-906,855,730,200,180
Driver-907,242,663,506,185
Driver-908,93,992,2,388
Driver-909,962,789,688,312
Driver-910,811,166,154,268
Driver-911,39,814,747,200
Driver-912,19,885,625,463
Driver-913,30,134,367,199
Driver-914,516,638,65,282
Driver-915,891,209,233,935
Driver-916,840,229,807,983
Driver-917,418,519,498,950
Driver-918,604,637,576,331
Driver-919,320,344,848,53
Driver-920,228,651,607,584
Driver-921,930,927,542,11
Driver-922,785,387,0,157
Driver-923,874,612,948,341
Driver-924,33,986,128,760
Driver-925,338,398,947,287
Driver-926,119,874,544,355
Driver-927,887,883,946,182
Driver-928,46,520,330,273
Driver-929,378,169,699,155
Driver-930,909,519,326,361
Driver-931,128,714,395,865
Driver-932,22,343,861,411
Driver-933,412,385,440,318
Driver-934,112,359,179,602
Driver-935,511,863,928,838
Driver-936,453,58,237,276
Driver-937,187,517,772,685
Driver-938,192,887,237,635
Driver-939,258,76,610,306
Driver-940,904,100,673,416
Driver-941,529,663,488,177
Driver-942,249,158,651,366
Driver-943,129,736,746,860
Driver-944,645,714,487,39
Driver-945,246,629,172,997
Driver-946,692,813,318,113
Driver-947,883,455,233,358
Driver-948,516,521,368,418
Driver-949,26,338,704,226
Driver-950,524,800,595,516
Driver-951,867,269,529,237
Driver-952,778,914,594,697
Driver-953,12,159,248,462
Driver-954,285,554,668,926
Driver-955,268,245,232,380
Driver-956,268,394,571,671
Driver-957,677,916,436,859
Driver-958,579,695,617,536
Driver-959,402,613,491,898
Driver-960,386,691,26,698
Driver-961,82,632,197,130
Driver-962,499,358,725,15
Driver-963,370,186,24,240
Driver-964,577,311,409,586
Driver-965,810,15,249,259
Driver-966,391,289,237,656
Driver-967,231,325,975,658
Driver-968,361,460,188,720
Driver-969,61,553,148,15
Driver-970,621,833,566,211
Driver-971,571,364,932,157
Driver-972,141,572,81,972
Driver-973,193,88,819,957
Driver-974,777,43,866,352
Driver-975,693,954,939,117
Driver-976,519,151,469,834
Driver-977,608,47,275,717
Driver-978,12,526,554,39
Driver-979,831,675,321,440
Driver-980,120,610,959,822
Driver-981,257,106,565,756
Driver-982,139,717,646,345
Driver-983,494,220,548,52
Driver-984,267,766,845,906
Driver-985,390,626,933,632
Driver-986,821,291,753,393
Driver-987,473,78,606,682
Driver-988,231,954,810,619
Driver-989,215,456,517,436
Driver-990,641,953,860,789
Driver-991,368,527,40,594
Driver-992,766,271,606,711
Driver-993,831,107,971,803
Driver-994,193,235,799,702
Driver-995,270,229,135,560
Driver-996,868,869,888,781
Driver-997,857,461,87,319
Driver-998,414,175,103,640
Driver-999,167,35,375,928
Driver-1000,757,929,963,898
Driver-1001,701,48,229,136
Driver-1002,413,13,655,809
Driver-1003,412,220,197,808
Driver-1004,116,307,735,581
Driver-1005,473,412,603,67
Driver-1006,467,619,974,473
Driver-1007,839,18,163,760
Driver-1008,827,61,854,636
Driver-1009,446,35,925,370
Driver-1010,505,611,952,940
Driver-1011,540,590,649,712
Driver-1012,924,744,251,533
Driver-1013,385,772,845,799
Driver-1014,110,631,583,19
Driver-1015,591,256,607,530
Driver-1016,282,828,326,318
Driver-1017,420,890,220,383
Driver-1018,657,784,886,555
Driver-1019,419,466,360,856
Driver-1020,604,928,253,357
Driver-1021,103,701,917,20
Driver-1022,595,774,63,834
Driver-1023,422,768,333,984
Driver-1024,727,343,709,813
Driver-1025,362,128,590,756
Driver-1026,741,416,920,622
Driver-1027,315,932,295,347
Driver-1028,279,867,336,48
Driver-1029,709,616,865,966
Driver-1030,340,678,872,272
Driver-1031,196,333,494,602
Driver-1032,860,120,840,737
Driver-1033,95,380,720,723
Driver-1034,581,927,677,7
Driver-1035,713,827,470,777
Driver-1036,715,724,270,96
Driver-1037,888,344,714,649
Driver-1038,502,980,997,157
Driver-1039,629,360,603,331
Driver-1040,49,367,285,75
Driver-1041,954,973,546,470
Driver-1042,732,774,445,315
Driver-1043,688,488,263,727
Driver-1044,856,975,455,993
Driver-1045,980,606,457,497
Driver-1046,887,579,143,971
Driver-1047,111,945,908,499
Driver-1048,457,962,748,673
Driver-1049,150,520,239,916
Driver-1050,341,444,963,576
Driver-1051,298,736,70,939
Driver-1052,859,951,446,148
Driver-1053,550,786,653,243
Driver-1054,585,243,729,674
Driver-1055,626,669,770,649
Driver-1056,74,261,187,442
Driver-1057,85,193,801,891
Driver-1058,212,136,925,5
Driver-1059,183,257,148,977
Driver-1060,723,252,735,107
Driver-1061,979,559,242,704
Driver-1062,441,620,343,779
Driver-1063,286,526,236,864
Driver-1064,302,455,131,248
Driver-1065,796,948,991,786
Driver-1066,217,915,510,377
Driver-1067,489,565,379,349
Driver-1068,626,503,73,862
Driver-1069,635,297,746,771
Driver-1070,674,49,116,510
Driver-1071,352,195,42,676
Driver-1072,200,822,837,199
Driver-1073,444,506,630,225
Driver-1074,386,983,514,471
Driver-1075,388,69,791,982
Driver-1076,777,610,421,847
Driver-1077,811,167,980,624
Driver-1078,937,992,206,922
Driver-1079,553,781,978,557
Driver-1080,26,968,942,853
Driver-1081,469,476,341,183
Driver-1082,103,458,124,997
Driver-1083,776,485,115,90
Driver-1084,463,279,166,602
Driver-1085,765,337,239,553
Driver-1086,516,807,292,394
Driver-1087,997,165,352,73
Driver-1088,998,474,161,290
Driver-1089,762,574,324,523
Driver-1090,114,831,23,330
Driver-1091,881,885,375,340
Driver-1092,771,89,739,713
Driver-1093,367,206,51,82
Driver-1094,456,567,776,720
Driver-1095,516,68,1000,674
Driver-1096,482,719,559,237
Driver-1097,429,5,935,738
Driver-1098,508,774,142,337
Driver-1099,248,61,695,215
Driver-1100,640,809,645,48
Driver-1101,185,664,363,100
Driver-1102,543,55,43,984
Driver-1103,609,67,536,780
Driver-1104,212,857,649,64
Driver-1105,779,969,847,276
Driver-1106,988,745,234,479
Driver-1107,600,657,452,603
Driver-1108,292,333,160,23
Driver-1109,725,246,567,756
Driver-1110,504,387,939,832
Driver-1111,763,520,309,254
Driver-1112,302,746,334,251
Driver-1113,878,745,537,530
Driver-1114,973,141,358,179
Driver-1115,147,157,829,70
Driver-1116,260,135,252,261
Driver-1117,597,320,151,78
Driver-1118,1,451,360,676
Driver-1119,930,811,632,141
Driver-1120,58,509,177,887
Driver-1121,286,670,329,618
Driver-1122,146,478,114,684
Driver-1123,21,292,254,352
Driver-1124,800,973,651,282
Driver-1125,10,120,414,387
Driver-1126,738,445,903,981
Driver-1127,556,881,343,472
Driver-1128,743,483,83,880
Driver-1129,936,12,45,298
Driver-1130,165,624,735,831
Driver-1131,950,250,598,548
Driver-1132,896,873,296,963
Driver-1133,586,18,131,209
Driver-1134,452,832,786,979
Driver-1135,658,420,515,540
Driver-1136,799,510,357,884
Driver-1137,424,352,347,454
Driver-1138,987,527,856,361
Driver-1139,485,44,500,305
Driver-1140,444,919,821,125
Driver-1141,760,164,419,145
Driver-1142,293,37,263,596
Driver-1143,598,352,748,924
Driver-1144,769,825,952,776
Driver-1145,657,970,730,221
Driver-1146,611,969,820,365
Driver-1147,548,182,75,907
Driver-1148,291,445,475,508
Driver-1149,447,210,975,610
Driver-1150,672,602,115,913
Driver-1151,340,294,672,621
Driver-1152,318,216,871,54
Driver-1153,203,172,729,990
Driver-1154,753,25,228,392
Driver-1155,945,123,56,126
Driver-1156,950,141,519,375
Driver-1157,614,532,52,327
Driver-1158,112,8,582,344
Driver-1159,164,455,989,603
Driver-1160,146,25,701,45
Driver-1161,505,882,547,331
Driver-1162,540,701,717,390
Driver-1163,898,196,415,988
Driver-1164,299,84,23,912
Driver-1165,265,639,729,823
Driver-1166,153,525,104,685
Driver-1167,412,358,203,295
Driver-1168,722,365,971,317
Driver-1169,23,389,953,445
Driver-1170,332,474,204,969
Driver-1171,323,910,651,786
Driver-1172,633,160,387,25
Driver-1173,450,786,542,418
Driver-1174,100,725,20,1
Driver-1175,458,365,889,935
Driver-1176,117,350,44,12
Driver-1177,420,405,596,357
Driver-1178,24,386,226,858
Driver-1179,817,563,226,927
Driver-1180,271,458,743,384
Driver-1181,327,444,950,559
Driver-1182,175,912,394,986
Driver-1183,120,182,431,386
Driver-1184,383,215,849,454
Driver-1185,820,872,362,265
Driver-1186,535,781,715,671
Driver-1187,954,756,522,994
Driver-1188,753,838,578,340
Driver-1189,594,458,480,584
Driver-1190,124,208,144,600
Driver-1191,973,144,629,938
Driver-1192,868,303,636,111
Driver-1193,575,358,36,0
Driver-1194,331,405,119,83
Driver-1195,24,926,456,813
Driver-1196,171,941,714,930
Driver-1197,616,183,612,129
Driver-1198,568,549,108,8
Driver-1199,707,698,619,345
Driver-1200,617,234,428,582
Driver-1201,70,162,413,252
Driver-1202,699,961,127,154
Driver-1203,902,865,732,40
Driver-1204,934,127,375,725
Driver-1205,718,720,340,463
Driver-1206,465,29,699,173
Driver-1207,16,862,58,230
Driver-1208,61,728,265,221
Driver-1209,615,201,879,492
Driver-1210,346,155,981,249
Driver-1211,425,960,492,472
Driver-1212,907,664,699,486
Driver-1213,946,695,900,867
Driver-1214,687,554,359,493
Driver-1215,726,568,901,358
Driver-1216,890,760,930,109
Driver-1217,418,589,485,672
Driver-1218,27,857,694,78
Driver-1219,844,205,162,308
Driver-1220,447,180,742,732
Driver-1221,299,849,265,260
Driver-1222,123,979,205,350
Driver-1223,566,496,602,49
Driver-1224,477,21,443,727
Driver-1225,109,29,820,384
Driver-1226,810,700,119,256
Driver-1227,258,669,901,30
Driver-1228,429,226,722,519
Driver-1229,604,835,670,145
Driver-1230,699,126,553,211
Driver-1231,865,939,493,837
Driver-1232,709,11,804,958
Driver-1233,637,644,989,982
Driver-1234,874,707,160,706
Driver-1235,774,829,578,276
Driver-1236,751,3,306,806
Driver-1237,629,179,180,295
Driver-1238,580,140,113,623
Driver-1239,812,279,182,970
Driver-1240,557,421,118,546
Driver-1241,504,498,333,786
Driver-1242,82,597,218,176
Driver-1243,753,490,473,808
Driver-1244,817,333,799,702
Driver-1245,608,920,981,562
Driver-1246,724,368,825,363
Driver-1247,947,717,952,878
Driver-1248,403,248,132,771
Driver-1249,880,485,456,423
Driver-1250,964,147,370,890
Driver-1251,842,327,55,549
Driver-1252,115,507,178,286
Driver-1253,557,376,727,193
Driver-1254,327,377,22,884
Driver-1255,841,116,673,383
Driver-1256,137,114,496,741
Driver-1257,397,317,46,246
Driver-1258,358,186,746,46
Driver-1259,176,330,207,363
Driver-1260,441,262,705,75
Driver-1261,920,603,873,923
Driver-1262,267,865,427,13
Driver-1263,454,767,256,949
Driver-1264,10,123,546,189
Driver-1265,650,869,281,898
Driver-1266,46,58,634,30
Driver-1267,695,166,689,246
Driver-1268,492,927,125,802
Driver-1269,675,339,813,310
Driver-1270,95,564,158,458
Driver-1271,713,295,510,97
Driver-1272,352,136,591,826
Driver-1273,331,755,837,317
Driver-1274,136,425,967,238
Driver-1275,40,281,242,598
Driver-1276,408,254,300,705
Driver-1277,797,386,242,115
Driver-1278,949,527,289,277
Driver-1279,74,253,499,357
Driver-1280,4,95,173,408
Driver-1281,292,835,233,484
Driver-1282,29,229,792,101
Driver-1283,982,924,950,590
Driver-1284,272,917,185,525
Driver-1285,989,1,609,964
Driver-1286,447,381,334,161
Driver-1287,215,73,151,818
Driver-1288,321,650,696,45
Driver-1289,637,945,459,396
Driver-1290,712,532,257,258
Driver-1291,376,671,940,485
Driver-1292,426,118,467,361
Driver-1293,957,73,421,800
Driver-1294,483,379,86,505
Driver-1295,189,963,79,615
Driver-1296,309,55,522,505
Driver-1297,757,612,53,410
Driver-1298,245,554,188,467
Driver-1299,914,776,283,547
Driver-1300,468,878,460,290
Driver-1301,244,41,368,868
Driver-1302,155,343,351,559
Driver-1303,769,558,882,483
Driver-1304,126,572,376,128
Driver-1305,527,861,417,341
Driver-1306,864,53,92,197
Driver-1307,914,900,364,199
Driver-1308,722,914,71,669
Driver-1309,742,984,684,977
Driver-1310,983,127,577,461
Driver-1311,705,977,863,299
Driver-1312,965,803,980,900
Driver-1313,310,541,822,701
Driver-1314,473,90,248,987
Driver-1315,603,772,798,940
Driver-1316,958,771,715,926
Driver-1317,567,448,412,826
Driver-1318,499,583,385,82
Driver-1319,767,449,17,805
Driver-1320,684,608,810,631
Driver-1321,278,781,862,253
Driver-1322,916,864,173,750
Driver-1323,570,966,292,950
Driver-1324,339,561,646,58
Driver-1325,57,488,127,46
Driver-1326,751,442,743,509
Driver-1327,55,527,657,56
Driver-1328,982,263,265,692
Driver-1329,350,505,454,315
Driver-1330,259,319,115,434
Driver-1331,497,631,878,558
Driver-1332,808,855,536,122
Driver-1333,291,234,51,838
Driver-1334,818,288,124,621
Driver-1335,182,619,10,786
Driver-1336,901,587,673,38
Driver-1337,531,606,172,637
Driver-1338,365,48,359,648
Driver-1339,609,564,291,924
Driver-1340,558,674,583,137
Driver-1341,896,789,719,566
Driver-1342,754,614,571,479
Driver-1343,320,774,702,422
Driver-1344,987,511,937,287
Driver-1345,684,667,583,769
Driver-1346,279,259,675,75
Driver-1347,777,183,896,492
Driver-1348,328,826,437,516
Driver-1349,558,518,80,58
Driver-1350,436,255,664,564
Driver-1351,941,649,449,184
Driver-1352,706,845,772,707
Driver-1353,745,921,977,583
Driver-1354,912,850,972,428
Driver-1355,797,219,77,447
Driver-1356,26,383,40,965
Driver-1357,60,818,981,618
Driver-1358,939,437,217,231
Driver-1359,779,134,150,809
Driver-1360,997,394,720,286
Driver-1361,145,398,59,788
Driver-1362,74,560,833,700
Driver-1363,16,469,277,97
Driver-1364,861,36,218,672
Driver-1365,940,43,51,208
Driver-1366,712,942,423,403
Driver-1367,112,526,369,817
Driver-1368,548,233,541,386
Driver-1369,342,815,133,587
Driver-1370,955,885,265,251
Driver-1371,477,509,568,102
Driver-1372,283,678,373,681
Driver-1373,54,3,531,50
Driver-1374,737,827,800,596
Driver-1375,599,361,866,306
Driver-1376,742,597,574,422
Driver-1377,883,602,20,155
Driver-1378,154,957,267,328
Driver-1379,276,417,497,788
Driver-1380,758,541,659,201
Driver-1381,564,668,20,838
Driver-1382,802,196,433,942
Driver-1383,43,195,998,447
Driver-1384,425,206,11,283
Driver-1385,96,290,873,558
Driver-1386,669,188,506,196
Driver-1387,642,996,954,676
Driver-1388,412,593,911,433
Driver-1389,748,216,560,332
Driver-1390,152,953,100,693
Driver-1391,999,90,143,259
Driver-1392,831,742,999,13
Driver-1393,457,543,603,942
Driver-1394,683,221,501,584
Driver-1395,684,481,427,459
Driver-1396,39,2,318,199
Driver-1397,439,348,452,670
Driver-1398,414,362,329,939
Driver-1399,321,223,128,289
Driver-1400,235,776,576,770
Driver-1401,345,61,283,102
Driver-1402,385,237,923,326
Driver-1403,776,627,739,64
Driver-1404,69,149,124,314
Driver-1405,916,196,867,657
Driver-1406,684,502,172,447
Driver-1407,738,871,28,19
Driver-1408,966,196,468,123
Driver-1409,219,508,469,250
Driver-1410,854,244,965,391
Driver-1411,490,264,425,274
Driver-1412,725,523,137,290
Driver-1413,106,235,838,640
Driver-1414,794,916,276,798
Driver-1415,675,850,649,318
Driver-1416,558,80,655,57
Driver-1417,873,47,528,22
Driver-1418,176,54,313,168
Driver-1419,130,65,620,640
Driver-1420,480,871,829,20
Driver-1421,707,164,671,326
Driver-1422,675,600,570,190
Driver-1423,814,915,432,38
Driver-1424,853,782,93,771
Driver-1425,572,314,129,124
Driver-1426,59,62,239,874
Driver-1427,690,137,559,623
Driver-1428,12,640,22,812
Driver-1429,219,429,863,418
Driver-1430,191,642,450,73
Driver-1431,240,673,857,975
Driver-1432,694,151,713,120
Driver-1433,203,0,798,984
Driver-1434,374,754,351,555
Driver-1435,932,739,660,943
Driver-1436,142,61,925,874
Driver-1437,63,661,21,281
Driver-1438,293,655,662,998
Driver-1439,991,905,982,143
Driver-1440,774,822,372,66
Driver-1441,807,861,664,928
Driver-1442,460,232,989,941
Driver-1443,207,849,61,935
Driver-1444,833,291,197,205
Driver-1445,850,218,726,789
Driver-1446,441,800,202,576
Driver-1447,490,999,215,645
Driver-1448,751,190,197,476
Driver-1449,789,215,440,829
Driver-1450,583,707,272,645
Driver-1451,667,474,269,529
Driver-1452,115,589,685,28
Driver-1453,624,639,784,320
Driver-1454,970,676,891,913
Driver-1455,476,178,12,230
Driver-1456,535,396,774,429
Driver-1457,779,673,966,867
Driver-1458,145,155,217,70
Driver-1459,777,453,534,976
Driver-1460,937,580,220,492
Driver-1461,613,716,268,553
Driver-1462,73,534,300,743
Driver-1463,765,27,248,930
Driver-1464,336,35,170,234
Driver-1465,243,546,111,46
Driver-1466,242,553,836,852
Driver-1467,646,661,882,645
Driver-1468,760,324,724,279
Driver-1469,773,708,748,115
Driver-1470,533,407,79,954
Driver-1471,925,21,201,291
Driver-1472,806,825,292,674
Driver-1473,97,768,963,967
Driver-1474,22,348,18,611
Driver-1475,817,294,441,148
Driver-1476,96,667,503,226
Driver-1477,45,471,288,304
Driver-1478,981,237,103,698
Driver-1479,921,811,718,146
Driver-1480,610,922,453,75
Driver-1481,206,288,671,188
Driver-1482,924,852,338,405
Driver-1483,737,557,261,459
Driver-1484,492,789,630,771
Driver-1485,35,673,125,11
Driver-1486,159,328,969,304
Driver-1487,245,992,495,268
Driver-1488,618,480,816,508
Driver-1489,559,275,578,524
Driver-1490,245,450,857,638
Driver-1491,872,419,8,635
Driver-1492,868,749,733,790
Driver-1493,348,63,306,373
Driver-1494,659,322,575,674
Driver-1495,521,218,122,857
Driver-1496,283,818,175,896
Driver-1497,2,9,784,662
Driver-1498,59,201,335,656
Driver-1499,613,23,396,471
Driver-1500,90,915,641,571
Driver-1501,189,580,95,158
Driver-1502,482,507,779,898
Driver-1503,718,316,786,784
Driver-1504,358,823,87,933
Driver-1505,193,462,954,861
Driver-1506,661,271,143,157
Driver-1507,573,174,234,310
Driver-1508,409,894,548,753
Driver-1509,656,633,357,828
Driver-1510,465,288,184,253
Driver-1511,243,549,879,187
Driver-1512,66,363,368,115
Driver-1513,124,0,556,172
Driver-1514,41,909,755,148
Driver-1515,503,697,168,9
Driver-1516,717,726,784,125
Driver-1517,593,134,88,437
Driver-1518,711,544,81,951
Driver-1519,806,866,879,222
Driver-1520,232,829,478,70
Driver-1521,317,398,541,526
Driver-1522,415,533,283,447
Driver-1523,302,758,80,542
Driver-1524,924,391,391,450
Driver-1525,663,817,21,419
Driver-1526,56,421,94,735
Driver-1527,637,135,120,767
Driver-1528,679,179,67,615
Driver-1529,950,666,912,621
Driver-1530,976,235,78,697
Driver-1531,774,516,176,536
Driver-1532,941,476,230,770
Driver-1533,564,773,32,591
Driver-1534,848,786,73,172
Driver-1535,431,667,844,355
Driver-1536,193,801,312,951
Driver-1537,820,858,570,504
Driver-1538,576,735,34,405
Driver-1539,40,570,834,605
Driver-1540,922,291,347,313
Driver-1541,283,2,705,122
Driver-1542,963,391,624,134
Driver-1543,12,632,8,644
Driver-1544,320,346,465,443
Driver-1545,415,561,711,189
Driver-1546,374,856,474,342
Driver-1547,378,835,608,520
Driver-1548,212,17,537,140
Driver-1549,649,868,341,206
Driver-1550,844,963,723,617
Driver-1551,220,927,442,244
Driver-1552,743,74,569,243
Driver-1553,738,378,614,622
Driver-1554,448,797,614,440
Driver-1555,590,921,878,74
Driver-1556,599,495,617,939
Driver-1557,26,736,293,460
Driver-1558,989,299,517,823
Driver-1559,385,82,97,927
Driver-1560,31,846,900,891
Driver-1561,481,588,793,649
Driver-1562,815,456,582,79
Driver-1563,598,828,329,258
Driver-1564,431,401,245,519
Driver-1565,126,835,782,735
Driver-1566,49,259,728,76
Driver-1567,388,99,901,457
Driver-1568,975,229,198,156
Driver-1569,558,435,855,538
Driver-1570,759,455,634,221
Driver-1571,179,105,345,942
Driver-1572,295,237,6,778
Driver-1573,911,691,132,944
Driver-1574,997,609,480,130
Driver-1575,752,630,297,991
Driver-1576,392,651,497,40
Driver-1577,715,828,116,624
Driver-1578,538,270,505,531
Driver-1579,976,563,873,554
Driver-1580,904,226,672,700
Driver-1581,964,123,216,476
Driver-1582,130,262,926,901
Driver-1583,772,660,631,235
Driver-1584,414,581,786,408
Driver-1585,853,81,228,883
Driver-1586,470,422,191,491
Driver-1587,635,870,878,159
Driver-1588,60,681,236,490
Driver-1589,912,777,638,626
Driver-1590,709,200,565,824
Driver-1591,344,881,303,622
Driver-1592,867,135,731,373
Driver-1593,749,709,953,413
Driver-1594,205,369,306,348
Driver-1595,329,838,991,263
Driver-1596,957,58,979,560
Driver-1597,592,621,569,383
Driver-1598,954,46,294,580
Driver-1599,262,185,255,578
Driver-1600,421,134,852,450
Driver-1601,15,496,331,789
Driver-1602,9,932,751,265
Driver-1603,301,183,912,512
Driver-1604,788,879,74,275
Driver-1605,9,454,144,48
Driver-1606,293,162,573,961
Driver-1607,485,530,815,787
Driver-1608,549,347,808,376
Driver-1609,558,626,515,247
Driver-1610,459,775,834,151
Driver-1611,801,259,504,746
Driver-1612,41,14,807,746
Driver-1613,450,266,784,892
Driver-1614,177,143,714,823
Driver-1615,530,928,484,658
Driver-1616,973,553,879,463
Driver-1617,542,711,742,116
Driver-1618,896,844,892,835
Driver-1619,434,44,70,874
Driver-1620,944,394,782,970
Driver-1621,727,208,575,490
Driver-1622,433,446,490,979
Driver-1623,532,636,261,492
Driver-1624,18,285,602,110
Driver-1625,212,21,938,66
Driver-1626,790,572,774,942
Driver-1627,732,602,704,347
Driver-1628,143,768,876,822
Driver-1629,739,215,305,376
Driver-1630,7,991,27,542
Driver-1631,274,176,601,328
Driver-1632,132,631,615,365
Driver-1633,911,130,997,487
Driver-1634,60,405,777,68
Driver-1635,5,972,55,392
Driver-1636,496,889,5,973
Driver-1637,418,870,168,693
Driver-1638,426,495,502,69
Driver-1639,513,109,458,15
Driver-1640,976,681,138,893
Driver-1641,95,197,423,502
Driver-1642,224,730,325,727
Driver-1643,16,414,987,454
Driver-1644,151,846,986,360
Driver-1645,932,309,272,602
Driver-1646,989,74,574,796
Driver-1647,840,988,338,202
Driver-1648,613,123,177,470
Driver-1649,411,16,637,18
Driver-1650,907,5,723,796
Driver-1651,691,225,699,789
Driver-1652,741,112,150,362
Driver-1653,756,889,276,425
Driver-1654,864,160,178,380
Driver-1655,16,837,64,904
Driver-1656,230,266,624,718
Driver-1657,207,743,792,401
Driver-1658,172,234,122,695
Driver-1659,886,497,995,706
Driver-1660,952,720,385,349
Driver-1661,161,125,89,215
Driver-1662,866,676,426,731
Driver-1663,593,548,263,654
Driver-1664,229,334,921,948
Driver-1665,333,471,453,334
Driver-1666,285,558,492,913
Driver-1667,917,946,480,507
Driver-1668,36,10,440,458
Driver-1669,275,878,887,628
Driver-1670,40,434,656,383
Driver-1671,734,197,486,920
Driver-1672,791,237,349,741
Driver-1673,846,359,163,844
Driver-1674,533,468,152,123
Driver-1675,178,36,306,605
Driver-1676,344,345,348,143
Driver-1677,704,2,695,448
Driver-1678,2,954,624,448
Driver-1679,943,24,912,291
Driver-1680,673,569,487,456
Driver-1681,336,431,843,680
Driver-1682,829,203,408,247
Driver-1683,596,288,538,837
Driver-1684,475,277,503,757
Driver-1685,53,297,604,382
Driver-1686,190,317,514,902
Driver-1687,661,813,152,152
Driver-1688,161,784,473,58
Driver-1689,807,566,514,337
Driver-1690,409,717,979,142
Driver-1691,212,340,161,606
Driver-1692,429,941,461,677
Driver-1693,533,867,820,783
Driver-1694,632,667,236,910
Driver-1695,861,262,692,358
Driver-1696,732,743,677,406
Driver-1697,88,779,474,860
Driver-1698,330,781,236,164
Driver-1699,947,977,937,109
Driver-1700,877,619,827,831
Driver-1701,225,375,994,315
Driver-1702,75,485,873,189
Driver-1703,242,356,281,162
Driver-1704,762,778,398,656
Driver-1705,414,316,44,810
Driver-1706,401,258,318,796
Driver-1707,598,579,221,667
Driver-1708,102,778,363,931
Driver-1709,475,125,85,552
Driver-1710,730,759,525,169
Driver-1711,463,56,789,717
Driver-1712,993,37,989,436
Driver-1713,213,85,482,429
Driver-1714,846,884,229,927
Driver-1715,897,930,104,752
Driver-1716,170,531,668,886
Driver-1717,399,498,802,76
Driver-1718,449,145,315,152
Driver-1719,985,957,206,540
Driver-1720,759,178,583,408
Driver-1721,42,978,200,654
Driver-1722,242,907,530,119
Driver-1723,747,715,55,825
Driver-1724,109,122,560,386
Driver-1725,12,475,285,577
Driver-1726,538,697,82,455
Driver-1727,137,429,351,409
Driver-1728,499,544,741,501
Driver-1729,209,3,28,601
Driver-1730,54,176,823,314
Driver-1731,859,323,205,975
Driver-1732,746,776,872,664
Driver-1733,530,891,449,665
Driver-1734,555,679,694,397
Driver-1735,546,167,779,122
Driver-1736,417,878,608,689
Driver-1737,716,795,497,233
Driver-1738,250,586,177,340
Driver-1739,25,252,681,41
Driver-1740,131,349,79,360
Driver-1741,323,958,643,885
Driver-1742,656,564,247,321
Driver-1743,53,982,835,632
Driver-1744,185,95,344,375
Driver-1745,281,378,228,764
Driver-1746,18,613,287,188
Driver-1747,132,853,849,556
Driver-1748,732,755,962,299
Driver-1749,205,119,647,506
Driver-1750,839,720,760,916
Driver-1751,256,868,929,649
Driver-1752,847,833,962,455
Driver-1753,245,275,590,926
Driver-1754,751,332,196,943
Driver-1755,118,502,576,404
Driver-1756,697,511,780,628
Driver-1757,908,980,771,330
Driver-1758,651,347,513,626
Driver-1759,88,928,895,158
Driver-1760,837,695,1,567
Driver-1761,926,176,863,80
Driver-1762,629,574,216,902
Driver-1763,446,252,842,897
Driver-1764,287,512,8,617
Driver-1765,527,923,594,961
Driver-1766,544,682,345,846
Driver-1767,499,430,721,769
Driver-1768,927,473,520,684
Driver-1769,76,245,428,684
Driver-1770,884,327,819,335
Driver-1771,658,400,595,560
Driver-1772,809,252,293,138
Driver-1773,393,357,811,884
Driver-1774,924,751,145,590
Driver-1775,764,444,371,996
Driver-1776,385,744,37,981
Driver-1777,765,124,950,626
Driver-1778,436,705,725,16
Driver-1779,698,911,490,746
Driver-1780,804,155,921,106
Driver-1781,589,241,762,380
Driver-1782,253,592,682,930
Driver-1783,768,348,667,820
Driver-1784,643,346,118,517
Driver-1785,664,305,996,817
Driver-1786,762,851,904,486
Driver-1787,613,696,466,958
Driver-1788,15,791,570,718
Driver-1789,808,745,504,963
Driver-1790,137,261,582,339
Driver-1791,360,745,639,287
Driver-1792,420,254,759,976
Driver-1793,622,459,506,630
Driver-1794,427,498,77,382
Driver-1795,724,178,699,50
Driver-1796,22,794,557,81
Driver-1797,16,377,547,916
Driver-1798,565,943,140,11
Driver-1799,918,106,227,744
Driver-1800,650,178,761,943
